<?xml version="1.0" encoding="UTF-8"?>
<project-private xmlns="http://www.netbeans.org/ns/project-private/1">
    <editor-bookmarks xmlns="http://www.netbeans.org/ns/editor-bookmarks/2" lastBookmarkId="0"/>
    <open-files xmlns="http://www.netbeans.org/ns/projectui-open-files/2">
        <group>
            <file>file:/C:/Users/MrKup/Documents/NetBeansProjects/CodingDSA/src/codingdsa/LinkedlistQueue.java</file>
            <file>file:/C:/Users/MrKup/Documents/NetBeansProjects/CodingDSA/src/codingdsa/QuickSort.java</file>
            <file>file:/C:/Users/MrKup/Documents/NetBeansProjects/CodingDSA/src/codingdsa/dequeue.java</file>
            <file>file:/C:/Users/MrKup/Documents/NetBeansProjects/CodingDSA/src/codingdsa/LinkedlistStack.java</file>
            <file>file:/C:/Users/MrKup/Documents/NetBeansProjects/CodingDSA/src/codingdsa/Stack.java</file>
            <file>file:/C:/Users/MrKup/Documents/NetBeansProjects/CodingDSA/src/codingdsa/PriorityQueue.java</file>
            <file>file:/C:/Users/MrKup/Documents/NetBeansProjects/CodingDSA/src/codingdsa/CircularQueue.java</file>
            <file>file:/C:/Users/MrKup/Documents/NetBeansProjects/CodingDSA/src/codingdsa/Queue.java</file>
        </group>
    </open-files>
</project-private>
